key,0
#,String
int32,str
0,""
1,"Jauge du serment"
2,"L'action <UIForeground>F201F4</UIForeground><UIGlow>F201F5</UIGlow>Volonté de fer<UIGlow>01</UIGlow><UIForeground>01</UIForeground> fait apparaître un symbole indiquant que votre génération d'inimitié est considérablement augmentée<Indent/>; les ennemis font plus facilement de vous leur cible, ce qui vous permet de mieux protéger vos alliés."
3,"La description des interfaces de job peut être consultée depuis la fenêtre Actions et traits."
4,"Jauge du serment"
5,"L'obtention du trait <UIForeground>F201F4</UIForeground><UIGlow>F201F5</UIGlow>Maîtrise du serment<UIGlow>01</UIGlow><UIForeground>01</UIForeground> fait apparaître à l'écran la <UIForeground>F201F6</UIForeground><UIGlow>F201F7</UIGlow>Jauge du serment<UIGlow>01</UIGlow><UIForeground>01</UIForeground> qui indique aussi si Volonté de fer est actif. Votre serment se renforce lorsque vos attaques automatiques touchent vos ennemis et permet de lancer <UIForeground>F201F4</UIForeground><UIGlow>F201F5</UIGlow>Schiltron<UIGlow>01</UIGlow><UIForeground>01</UIForeground>, <UIForeground>F201F4</UIForeground><UIGlow>F201F5</UIGlow>Couverture<UIGlow>01</UIGlow><UIForeground>01</UIForeground> (nv 45) et <UIForeground>F201F4</UIForeground><UIGlow>F201F5</UIGlow>Intervention<UIGlow>01</UIGlow><UIForeground>01</UIForeground> (nv 62)."
6,"Jauge de la bête"
7,"L'action <UIForeground>F201F4</UIForeground><UIGlow>F201F5</UIGlow>Défi<UIGlow>01</UIGlow><UIForeground>01</UIForeground> fait apparaître un symbole indiquant que votre génération d'inimitié est considérablement augmentée<Indent/>; les ennemis font plus facilement de vous leur cible, ce qui vous permet de mieux protéger vos alliés."
8,"Jauge de la bête"
9,"La <UIForeground>F201F6</UIForeground><UIGlow>F201F7</UIGlow>Jauge de la bête<UIGlow>01</UIGlow><UIForeground>01</UIForeground> indique le niveau d'éveil de la bête sauvage qui sommeille en vous. La jauge se remplit au fur et à mesure que vous utilisez certaines actions, et permet d'en lancer de plus puissantes, comme <UIForeground>F201F4</UIForeground><UIGlow>F201F5</UIGlow>Bête intérieure<UIGlow>01</UIGlow><UIForeground>01</UIForeground> ou <UIForeground>F201F4</UIForeground><UIGlow>F201F5</UIGlow>Cyclone de fer<UIGlow>01</UIGlow><UIForeground>01</UIForeground> (nv 45)."
10,"Jauge de sang"
11,"L'action <UIForeground>F201F4</UIForeground><UIGlow>F201F5</UIGlow>Férocité<UIGlow>01</UIGlow><UIForeground>01</UIForeground> fait apparaître un symbole indiquant que votre génération d'inimitié est considérablement augmentée<Indent/>; les ennemis font plus facilement de vous leur cible, ce qui vous permet de mieux protéger vos alliés."
12,"Jauge de ténèbres intérieures"
13,"Ce compte à rebours violet indique combien de temps vous pouvez encore bénéficier de <UIForeground>F201F4</UIForeground><UIGlow>F201F5</UIGlow>Ténèbres intérieures<UIGlow>01</UIGlow><UIForeground>01</UIForeground>, un effet qui augmente les dégâts que vous infligez. Cet effet peut vous être procuré grâce à <UIForeground>F201F4</UIForeground><UIGlow>F201F5</UIGlow>Déluge de ténèbres<UIGlow>01</UIGlow><UIForeground>01</UIForeground> ou <UIForeground>F201F4</UIForeground><UIGlow>F201F5</UIGlow>Tranchant de ténèbres<UIGlow>01</UIGlow><UIForeground>01</UIForeground> (nv 40)."
14,"Jauge de sang"
15,"L'obtention du trait <UIForeground>F201F4</UIForeground><UIGlow>F201F5</UIGlow>Sang noir<UIGlow>01</UIGlow><UIForeground>01</UIForeground> fait apparaître à l'écran la <UIForeground>F201F6</UIForeground><UIGlow>F201F7</UIGlow>Jauge de sang<UIGlow>01</UIGlow><UIForeground>01</UIForeground> qui peut être remplie en utilisant diverses actions. L'énergie qu'elle contient permet de déclencher des actions comme <UIForeground>F201F4</UIForeground><UIGlow>F201F5</UIGlow>Marée de sang<UIGlow>01</UIGlow><UIForeground>01</UIForeground> ou <UIForeground>F201F4</UIForeground><UIGlow>F201F5</UIGlow>Quietus<UIGlow>01</UIGlow><UIForeground>01</UIForeground> (nv 64)."
16,"Jauge de ténèbres intérieures"
17,"Ce symbole indique que vous bénéficiez d'<UIForeground>F201F4</UIForeground><UIGlow>F201F5</UIGlow>Arts ténébreux<UIGlow>01</UIGlow><UIForeground>01</UIForeground>, un effet octroyé lorsque le bouclier conféré par <UIForeground>F201F4</UIForeground><UIGlow>F201F5</UIGlow>Nuit noirissime<UIGlow>01</UIGlow><UIForeground>01</UIForeground> a absorbé tous les dégâts qu'il pouvait encaisser et disparaît. Sous cet effet, le prochain <UIForeground>F201F4</UIForeground><UIGlow>F201F5</UIGlow>Déluge de ténèbres<UIGlow>01</UIGlow><UIForeground>01</UIForeground> ou <UIForeground>F201F4</UIForeground><UIGlow>F201F5</UIGlow>Tranchant de ténèbres<UIGlow>01</UIGlow><UIForeground>01</UIForeground> ne consomme aucun PM."
18,"Jauge de ténèbres intérieures"
19,"Ce compte à rebours rouge indique combien de temps votre part obscure invoquée grâce à <UIForeground>F201F4</UIForeground><UIGlow>F201F5</UIGlow>Ombre vivante<UIGlow>01</UIGlow><UIForeground>01</UIForeground> peut encore se battre à vos côtés."
20,"Canne des soins"
21,"La <UIForeground>F201F6</UIForeground><UIGlow>F201F7</UIGlow>Canne des soins<UIGlow>01</UIGlow><UIForeground>01</UIForeground> indique le nombre de <UIForeground>F201F4</UIForeground><UIGlow>F201F5</UIGlow>Lys<UIGlow>01</UIGlow><UIForeground>01</UIForeground> dont vous bénéficiez. Ils éclosent au bout d'un certain temps passé en combat, et peuvent être utilisés afin de lancer <UIForeground>F201F4</UIForeground><UIGlow>F201F5</UIGlow>Offrande de réconfort<UIGlow>01</UIGlow><UIForeground>01</UIForeground> et <UIForeground>F201F4</UIForeground><UIGlow>F201F5</UIGlow>Offrande de ravissement<UIGlow>01</UIGlow><UIForeground>01</UIForeground> (nv 76)."
22,"Canne des soins"
23,"Certaines actions consommant des <UIForeground>F201F4</UIForeground><UIGlow>F201F5</UIGlow>Lys<UIGlow>01</UIGlow><UIForeground>01</UIForeground> peuvent faire progresser la floraison d'un <UIForeground>F201F4</UIForeground><UIGlow>F201F5</UIGlow>Lys de sang<UIGlow>01</UIGlow><UIForeground>01</UIForeground> d'un degré. Une fois le troisième degré atteint, le <UIForeground>F201F4</UIForeground><UIGlow>F201F5</UIGlow>Lys de sang<UIGlow>01</UIGlow><UIForeground>01</UIForeground> éclot et peut être utilisé pour lancer <UIForeground>F201F4</UIForeground><UIGlow>F201F5</UIGlow>Offrande de misère<UIGlow>01</UIGlow><UIForeground>01</UIForeground>."
24,"Jauge de flux d'éther"
25,"La <UIForeground>F201F6</UIForeground><UIGlow>F201F7</UIGlow>Jauge de flux d'éther<UIGlow>01</UIGlow><UIForeground>01</UIForeground> indique le nombre de degrés restants de l'effet procuré par l'action <UIForeground>F201F4</UIForeground><UIGlow>F201F5</UIGlow>Flux d'éther<UIGlow>01</UIGlow><UIForeground>01</UIForeground>."
26,"Jauge d'éther féerique"
27,"La <UIForeground>F201F6</UIForeground><UIGlow>F201F7</UIGlow>Jauge d'éther féerique<UIGlow>01</UIGlow><UIForeground>01</UIForeground> indique le pouvoir de votre fée. Au cours des combats où votre fée est invoquée, cette ressource augmente au fur et à mesure que vous utilisez des actions consommant un degré de <UIForeground>F201F4</UIForeground><UIGlow>F201F5</UIGlow>Flux d'éther<UIGlow>01</UIGlow><UIForeground>01</UIForeground> comme <UIForeground>F201F4</UIForeground><UIGlow>F201F5</UIGlow>Loi de revivification<UIGlow>01</UIGlow><UIForeground>01</UIForeground> ou <UIForeground>F201F4</UIForeground><UIGlow>F201F5</UIGlow>Traité de l'excogitation<UIGlow>01</UIGlow><UIForeground>01</UIForeground>. En revanche, elle diminue à chaque utilisation de <UIForeground>F201F4</UIForeground><UIGlow>F201F5</UIGlow>Pacte d'éther<UIGlow>01</UIGlow><UIForeground>01</UIForeground>."
28,"Jauge d'éther féerique"
29,"Vous pouvez renvoyer votre fée (Eos comme Selene) et invoquer Séraphin à sa place qui se bat à vos côtés pendant un temps limité indiqué sur la <UIForeground>F201F6</UIForeground><UIGlow>F201F7</UIGlow>Jauge d'éther féerique<UIGlow>01</UIGlow><UIForeground>01</UIForeground>. Votre fée revient dès que Séraphin disparait."
30,"Table des arcanes"
31,"La <UIForeground>F201F6</UIForeground><UIGlow>F201F7</UIGlow>Table des arcanes<UIGlow>01</UIGlow><UIForeground>01</UIForeground> vous permet de vérifier la carte que vous avez obtenue avec <UIForeground>F201F4</UIForeground><UIGlow>F201F5</UIGlow>Tirage<UIGlow>01</UIGlow><UIForeground>01</UIForeground> ou <UIForeground>F201F4</UIForeground><UIGlow>F201F5</UIGlow>Retirage<UIGlow>01</UIGlow><UIForeground>01</UIForeground>. L'icone de la carte remplace alors celui de <UIForeground>F201F4</UIForeground><UIGlow>F201F5</UIGlow>Dévoilement<UIGlow>01</UIGlow><UIForeground>01</UIForeground>, et en l'utilisant, vous pouvez bénéficier des effets indiqués."
32,"Table des arcanes et signes astraux"
33,"L'obtention du trait <UIForeground>F201F4</UIForeground><UIGlow>F201F5</UIGlow>Tirage amélioré II<UIGlow>01</UIGlow><UIForeground>01</UIForeground> vous permet d'utiliser les signes astraux. Chaque carte a un signe astral qui lui est associé<Indent/>: la <UIForeground>F201F4</UIForeground><UIGlow>F201F5</UIGlow>Lune<UIGlow>01</UIGlow><UIForeground>01</UIForeground>, le <UIForeground>F201F4</UIForeground><UIGlow>F201F5</UIGlow>Soleil<UIGlow>01</UIGlow><UIForeground>01</UIForeground> ou l'<UIForeground>F201F4</UIForeground><UIGlow>F201F5</UIGlow>Étoile<UIGlow>01</UIGlow><UIForeground>01</UIForeground>. Lorsqu'elle est révélée, son signe est ajouté à la <UIForeground>F201F6</UIForeground><UIGlow>F201F7</UIGlow>Table des arcanes<UIGlow>01</UIGlow><UIForeground>01</UIForeground>, et une fois que trois d'entre eux ont été accumulés, l'action <UIForeground>F201F4</UIForeground><UIGlow>F201F5</UIGlow>Astrodynamie<UIGlow>01</UIGlow><UIForeground>01</UIForeground> peut être lancée."
34,"Jauge de l'éclair"
35,"Utiliser certaines techniques d'arme vous octroie l'effet <UIForeground>F201F4</UIForeground><UIGlow>F201F5</UIGlow>Vitesse de l'éclair<UIGlow>01</UIGlow><UIForeground>01</UIForeground>. La durée restante et la puissance de celui-ci sont indiquées sur la <UIForeground>F201F6</UIForeground><UIGlow>F201F7</UIGlow>Jauge de l'éclair<UIGlow>01</UIGlow><UIForeground>01</UIForeground>. Le degré peut aller jusqu'à 3 avec <UIForeground>F201F4</UIForeground><UIGlow>F201F5</UIGlow>Poings de feu<UIGlow>01</UIGlow><UIForeground>01</UIForeground> et <UIForeground>F201F4</UIForeground><UIGlow>F201F5</UIGlow>Poings de terre<UIGlow>01</UIGlow><UIForeground>01</UIForeground>, et jusqu'à 4 avec <UIForeground>F201F4</UIForeground><UIGlow>F201F5</UIGlow>Poings de vent<UIGlow>01</UIGlow><UIForeground>01</UIForeground> si vous avez le niveau nécessaire. Plus le degré de Vitesse de l'éclair est élevé, plus vos dégâts infligés et votre vitesse d'attaque augmentent."
36,"Jauge des chakras"
37,"L'action <UIForeground>F201F4</UIForeground><UIGlow>F201F5</UIGlow>Méditation<UIGlow>01</UIGlow><UIForeground>01</UIForeground> vous permet d'ouvrir un chakra à chaque utilisation. Leur nombre est indiqué dans la <UIForeground>F201F6</UIForeground><UIGlow>F201F7</UIGlow>Jauge des chakras<UIGlow>01</UIGlow><UIForeground>01</UIForeground>. S'ils sont tous ouverts, il vous sera possible d'utiliser <UIForeground>F201F4</UIForeground><UIGlow>F201F5</UIGlow>Charge d'acier<UIGlow>01</UIGlow><UIForeground>01</UIForeground> ou <UIForeground>F201F4</UIForeground><UIGlow>F201F5</UIGlow>Poing hurlant<UIGlow>01</UIGlow><UIForeground>01</UIForeground> (nv 40)."
38,"Jauge de l'éclair"
39,"L'action <UIForeground>F201F4</UIForeground><UIGlow>F201F5</UIGlow>Anatman<UIGlow>01</UIGlow><UIForeground>01</UIForeground> vous permet de figer temporairement le temps restant de votre <UIForeground>F201F4</UIForeground><UIGlow>F201F5</UIGlow>Vitesse de l'éclair<UIGlow>01</UIGlow><UIForeground>01</UIForeground>. La jauge de temps se met à clignoter, et Anatman vous octroie des degrés de <UIForeground>F201F4</UIForeground><UIGlow>F201F5</UIGlow>Vitesse de l'éclair<UIGlow>01</UIGlow><UIForeground>01</UIForeground> un par un pendant la durée de son effet."
40,"Jauge du dragon"
41,"L'obtention du trait <UIForeground>F201F4</UIForeground><UIGlow>F201F5</UIGlow>Vie du dragon<UIGlow>01</UIGlow><UIForeground>01</UIForeground> vous octroie le regard de l'<UIForeground>F201F4</UIForeground><UIGlow>F201F5</UIGlow>Œil du dragon<UIGlow>01</UIGlow><UIForeground>01</UIForeground> lorsque vous utilisez <UIForeground>F201F4</UIForeground><UIGlow>F201F5</UIGlow>Piqué mirage<UIGlow>01</UIGlow><UIForeground>01</UIForeground>. Ce regard peut être intensifié jusqu'au 2e degré, ce qui active <UIForeground>F201F4</UIForeground><UIGlow>F201F5</UIGlow>Vie du dragon<UIGlow>01</UIGlow><UIForeground>01</UIForeground> lorsque vous utilisez <UIForeground>F201F4</UIForeground><UIGlow>F201F5</UIGlow>Geirskögul<UIGlow>01</UIGlow><UIForeground>01</UIForeground>. Vous pouvez alors exécuter les puissantes actions <UIForeground>F201F4</UIForeground><UIGlow>F201F5</UIGlow>Naströnd<UIGlow>01</UIGlow><UIForeground>01</UIForeground> et <UIForeground>F201F4</UIForeground><UIGlow>F201F5</UIGlow>Plongeon céleste<UIGlow>01</UIGlow><UIForeground>01</UIForeground> (nv 80)."
42,"Jauge du dragon"
43,"L'obtention du trait <UIForeground>F201F4</UIForeground><UIGlow>F201F5</UIGlow>Maîtrise de la lance IV<UIGlow>01</UIGlow><UIForeground>01</UIForeground> vous octroie la <UIForeground>F201F4</UIForeground><UIGlow>F201F5</UIGlow>Fougue des dragons anciens<UIGlow>01</UIGlow><UIForeground>01</UIForeground> lorsque vous utilisez <UIForeground>F201F4</UIForeground><UIGlow>F201F5</UIGlow>Percée Raiden<UIGlow>01</UIGlow><UIForeground>01</UIForeground> ou <UIForeground>F201F4</UIForeground><UIGlow>F201F5</UIGlow>Fureur du dragon<UIGlow>01</UIGlow><UIForeground>01</UIForeground>. Cette fougue peut être intensifiée jusqu'au 2e degré, ce qui permet d'exécuter l'action dévastatrice <UIForeground>F201F4</UIForeground><UIGlow>F201F5</UIGlow>Percée des dragons anciens<UIGlow>01</UIGlow><UIForeground>01</UIForeground>."
44,""
45,"Jauge de Fûton"
46,"L'obtention des trois mudrâ vous permet de lancer le ninjutsu <UIForeground>F201F4</UIForeground><UIGlow>F201F5</UIGlow>Fûton<UIGlow>01</UIGlow><UIForeground>01</UIForeground>. La durée d'effet de celui-ci s'affiche dans la <UIForeground>F201F6</UIForeground><UIGlow>F201F7</UIGlow>Jauge de Fûton<UIGlow>01</UIGlow><UIForeground>01</UIForeground>."
47,"Jauge de Ninki"
48,"La <UIForeground>F201F6</UIForeground><UIGlow>F201F7</UIGlow>Jauge de Ninki<UIGlow>01</UIGlow><UIForeground>01</UIForeground> indique quelle quantité de cette énergie vous avez accumulée grâce à vos techniques d'arme. Elle vous permet d'utiliser des actions telles que <UIForeground>F201F4</UIForeground><UIGlow>F201F5</UIGlow>Kuchiyose Ogama<UIGlow>01</UIGlow><UIForeground>01</UIForeground> et <UIForeground>F201F4</UIForeground><UIGlow>F201F5</UIGlow>Bhavacakra<UIGlow>01</UIGlow><UIForeground>01</UIForeground> (nv 68)."
49,"Marque Setsugekka"
50,"La <UIForeground>F201F6</UIForeground><UIGlow>F201F7</UIGlow>Marque Setsugekka<UIGlow>01</UIGlow><UIForeground>01</UIForeground> indique si les effets Sen <UIForeground>F201F4</UIForeground><UIGlow>F201F5</UIGlow>Setsu<UIGlow>01</UIGlow><UIForeground>01</UIForeground> (haut), <UIForeground>F201F4</UIForeground><UIGlow>F201F5</UIGlow>Getsu<UIGlow>01</UIGlow><UIForeground>01</UIForeground> (gauche) et <UIForeground>F201F4</UIForeground><UIGlow>F201F5</UIGlow>Ka<UIGlow>01</UIGlow><UIForeground>01</UIForeground> (droite) vous ont été octroyés en utilisant certaines techniques d'arme. En fonction de leur nombre, <UIForeground>F201F4</UIForeground><UIGlow>F201F5</UIGlow>Iaijutsu<UIGlow>01</UIGlow><UIForeground>01</UIForeground> est remplacé par <UIForeground>F201F4</UIForeground><UIGlow>F201F5</UIGlow>Higanbana<UIGlow>01</UIGlow><UIForeground>01</UIForeground>, <UIForeground>F201F4</UIForeground><UIGlow>F201F5</UIGlow>Tenka Goken<UIGlow>01</UIGlow><UIForeground>01</UIForeground> ou <UIForeground>F201F4</UIForeground><UIGlow>F201F5</UIGlow>Midare Setsugekka<UIGlow>01</UIGlow><UIForeground>01</UIForeground>."
51,"Jauge de Kenki"
52,"L'obtention du trait <UIForeground>F201F4</UIForeground><UIGlow>F201F5</UIGlow>Maîtrise de Kenki<UIGlow>01</UIGlow><UIForeground>01</UIForeground> fait apparaître à l'écran la <UIForeground>F201F6</UIForeground><UIGlow>F201F7</UIGlow>Jauge de Kenki<UIGlow>01</UIGlow><UIForeground>01</UIForeground>, qui se remplit lorsque vous utilisez des techniques d'arme avec succès ou réduisez vos dégâts subis avec <UIForeground>F201F4</UIForeground><UIGlow>F201F5</UIGlow>Troisième œil<UIGlow>01</UIGlow><UIForeground>01</UIForeground>.
Elle permet de déclencher des actions de type <UIForeground>F201F4</UIForeground><UIGlow>F201F5</UIGlow>Hissatsu<UIGlow>01</UIGlow><UIForeground>01</UIForeground>."
53,"Jauge de chant"
54,"L'action <UIForeground>F201F4</UIForeground><UIGlow>F201F5</UIGlow>Ballade du mage<UIGlow>01</UIGlow><UIForeground>01</UIForeground> fait apparaître une <UIForeground>F201F6</UIForeground><UIGlow>F201F7</UIGlow>Jauge de chant<UIGlow>01</UIGlow><UIForeground>01</UIForeground> spécifique, qui indique sa durée d'effet restante.
Si <UIForeground>F201F4</UIForeground><UIGlow>F201F5</UIGlow>Inspiration poétique<UIGlow>01</UIGlow><UIForeground>01</UIForeground> se déclenche pendant ce temps, les temps de recharge d'<UIForeground>F201F4</UIForeground><UIGlow>F201F5</UIGlow>Hémorragie<UIGlow>01</UIGlow><UIForeground>01</UIForeground> et de <UIForeground>F201F4</UIForeground><UIGlow>F201F5</UIGlow>Pluie mortelle<UIGlow>01</UIGlow><UIForeground>01</UIForeground> (nv 45) sont réduits."
55,"<UIForeground>F201F4</UIForeground><UIGlow>F201F5</UIGlow>“詩心”<UIGlow>01</UIGlow><UIForeground>01</UIForeground>は<UIForeground>F201F4</UIForeground><UIGlow>F201F5</UIGlow>「ベノムバイト/コースティックバイト」<UIGlow>01</UIGlow><UIForeground>01</UIForeground>、<UIForeground>F201F4</UIForeground><UIGlow>F201F5</UIGlow>「ウィンドバイト/ストームバイト」<UIGlow>01</UIGlow><UIForeground>01</UIForeground>による継続ダメージの命中時に一定確率で発動します。戦歌を使い、詩心を付与させていくことで吟遊詩人の攻撃力を高めることができます。"
56,"L'action <UIForeground>F201F4</UIForeground><UIGlow>F201F5</UIGlow>Péan martial<UIGlow>01</UIGlow><UIForeground>01</UIForeground> fait apparaître une <UIForeground>F201F6</UIForeground><UIGlow>F201F7</UIGlow>Jauge de chant<UIGlow>01</UIGlow><UIForeground>01</UIForeground> spécifique, qui indique sa durée d'effet restante.
Si <UIForeground>F201F4</UIForeground><UIGlow>F201F5</UIGlow>Inspiration poétique<UIGlow>01</UIGlow><UIForeground>01</UIForeground> se déclenche pendant ce temps, un effet réduisant le délai des attaques automatiques et les temps de lancement et de recharge des techniques d'arme et des sorts de magie vous est octroyé. Il peut être cumulé jusqu'au quatrième degré."
57,"L'action <UIForeground>F201F4</UIForeground><UIGlow>F201F5</UIGlow>Menuet du Vagabond<UIGlow>01</UIGlow><UIForeground>01</UIForeground> fait apparaître une <UIForeground>F201F6</UIForeground><UIGlow>F201F7</UIGlow>Jauge de chant<UIGlow>01</UIGlow><UIForeground>01</UIForeground> spécifique, qui indique sa durée d'effet restante.
Si <UIForeground>F201F4</UIForeground><UIGlow>F201F5</UIGlow>Inspiration poétique<UIGlow>01</UIGlow><UIForeground>01</UIForeground> se déclenche pendant ce temps, l'action <UIForeground>F201F4</UIForeground><UIGlow>F201F5</UIGlow>Ton parfait<UIGlow>01</UIGlow><UIForeground>01</UIForeground> devient disponible. La puissance de cette action dépend du degré d'<UIForeground>F201F4</UIForeground><UIGlow>F201F5</UIGlow>Inspiration poétique<UIGlow>01</UIGlow><UIForeground>01</UIForeground> (cumulable jusqu'à 3) au moment de son lancement."
58,"Jauge de voix de l'âme"
59,"Votre <UIForeground>F201F6</UIForeground><UIGlow>F201F7</UIGlow>Jauge de voix de l'âme<UIGlow>01</UIGlow><UIForeground>01</UIForeground> se remplit à chaque fois que l'effet <UIForeground>F201F4</UIForeground><UIGlow>F201F5</UIGlow>Inspiration poétique<UIGlow>01</UIGlow><UIForeground>01</UIForeground> vous est octroyé. Vous pouvez y puiser afin de lancer l'action <UIForeground>F201F4</UIForeground><UIGlow>F201F5</UIGlow>Trait alpha<UIGlow>01</UIGlow><UIForeground>01</UIForeground>."
60,"Thermovoltmètre"
61,"La <UIForeground>F201F6</UIForeground><UIGlow>F201F7</UIGlow>Jauge de chaleur<UIGlow>01</UIGlow><UIForeground>01</UIForeground> du thermovoltmètre se remplit au fur et à mesure que vous utilisez certaines techniques d'arme. Elle vous permet d'utiliser l'action <UIForeground>F201F4</UIForeground><UIGlow>F201F5</UIGlow>Hypercharge<UIGlow>01</UIGlow><UIForeground>01</UIForeground> qui fait passer votre arme en <UIForeground>F201F4</UIForeground><UIGlow>F201F5</UIGlow>Surchauffe<UIGlow>01</UIGlow><UIForeground>01</UIForeground>.
<UIForeground>F201F4</UIForeground><UIGlow>F201F5</UIGlow>Surchauffe<UIGlow>01</UIGlow><UIForeground>01</UIForeground> vous permet d'utiliser des actions comme <UIForeground>F201F4</UIForeground><UIGlow>F201F5</UIGlow>Pyro-explosion<UIGlow>01</UIGlow><UIForeground>01</UIForeground> (nv 35) et <UIForeground>F201F4</UIForeground><UIGlow>F201F5</UIGlow>Arbalète automatique<UIGlow>01</UIGlow><UIForeground>01</UIForeground> (nv 52)."
62,"Thermovoltmètre"
63,"La <UIForeground>F201F6</UIForeground><UIGlow>F201F7</UIGlow>Jauge de batterie<UIGlow>01</UIGlow><UIForeground>01</UIForeground> du thermovoltmètre se remplit lorsque vous utilisez certaines techniques d'arme et permet de lancer deux actions<Indent/>: <UIForeground>F201F4</UIForeground><UIGlow>F201F5</UIGlow>Auto-tourelle Tour<UIGlow>01</UIGlow><UIForeground>01</UIForeground> et <UIForeground>F201F4</UIForeground><UIGlow>F201F5</UIGlow>Automate Reine<UIGlow>01</UIGlow><UIForeground>01</UIForeground> (nv 80). La première crée une tourelle qui tire sur les ennemis, la deuxième crée un puissant automate qui se bat à vos côtés."
64,"Jauge des éléments"
65,"La <UIForeground>F201F6</UIForeground><UIGlow>F201F7</UIGlow>Jauge des éléments<UIGlow>01</UIGlow><UIForeground>01</UIForeground> vous indique les effets <UIForeground>F201F4</UIForeground><UIGlow>F201F5</UIGlow>Feu astral<UIGlow>01</UIGlow><UIForeground>01</UIForeground> et <UIForeground>F201F4</UIForeground><UIGlow>F201F5</UIGlow>Glace ombrale<UIGlow>01</UIGlow><UIForeground>01</UIForeground>, octroyés respectivement en lançant des sorts de feu ou de glace. <UIForeground>F201F4</UIForeground><UIGlow>F201F5</UIGlow>Feu astral<UIGlow>01</UIGlow><UIForeground>01</UIForeground> augmente à la fois les dégâts et le coût en PM des sorts de feu. <UIForeground>F201F4</UIForeground><UIGlow>F201F5</UIGlow>Glace ombrale<UIGlow>01</UIGlow><UIForeground>01</UIForeground> accélère la récupération des points de magie. En outre, ces effets permettent de lancer les sorts d'élément opposé sans consommer de PM."
66,"Lorsque vous bénéficiez de <UIForeground>F201F4</UIForeground><UIGlow>F201F5</UIGlow>Feu astral<UIGlow>01</UIGlow><UIForeground>01</UIForeground> ou de <UIForeground>F201F4</UIForeground><UIGlow>F201F5</UIGlow>Glace ombrale<UIGlow>01</UIGlow><UIForeground>01</UIForeground>, <UIForeground>F201F4</UIForeground><UIGlow>F201F5</UIGlow>Énochien<UIGlow>01</UIGlow><UIForeground>01</UIForeground> fait apparaître un chronomètre en bas à droite de la <UIForeground>F201F6</UIForeground><UIGlow>F201F7</UIGlow>Jauge des éléments<UIGlow>01</UIGlow><UIForeground>01</UIForeground> indiquant sa durée d'effet. <UIForeground>F201F4</UIForeground><UIGlow>F201F5</UIGlow>Énochien<UIGlow>01</UIGlow><UIForeground>01</UIForeground> augmente la puissance des sorts offensifs et prend fin quand <UIForeground>F201F4</UIForeground><UIGlow>F201F5</UIGlow>Feu astral<UIGlow>01</UIGlow><UIForeground>01</UIForeground> ou <UIForeground>F201F4</UIForeground><UIGlow>F201F5</UIGlow>Glace ombrale<UIGlow>01</UIGlow><UIForeground>01</UIForeground> se dissipe."
67,"Les actions <UIForeground>F201F4</UIForeground><UIGlow>F201F5</UIGlow>Gel<UIGlow>01</UIGlow><UIForeground>01</UIForeground> et <UIForeground>F201F4</UIForeground><UIGlow>F201F5</UIGlow>Giga Glace<UIGlow>01</UIGlow><UIForeground>01</UIForeground> font apparaître des crans en bas à gauche de la <UIForeground>F201F6</UIForeground><UIGlow>F201F7</UIGlow>Jauge des éléments<UIGlow>01</UIGlow><UIForeground>01</UIForeground>, qui indiquent le nombre de degrés restants de l'effet <UIForeground>F201F4</UIForeground><UIGlow>F201F5</UIGlow>Cœur ombral<UIGlow>01</UIGlow><UIForeground>01</UIForeground>. Un degré est utilisé à chaque fois qu'un sort de feu est lancé, et il permet d'annuler une fois l'augmentation du coût en PM sous <UIForeground>F201F4</UIForeground><UIGlow>F201F5</UIGlow>Feu astral<UIGlow>01</UIGlow><UIForeground>01</UIForeground>."
68,"Tant qu'<UIForeground>F201F4</UIForeground><UIGlow>F201F5</UIGlow>Énochien<UIGlow>01</UIGlow><UIForeground>01</UIForeground> est actif, <UIForeground>F201F4</UIForeground><UIGlow>F201F5</UIGlow>Polyglotte<UIGlow>01</UIGlow><UIForeground>01</UIForeground> est octroyé toutes les 30 secondes. Des crans placés sur le chronomètre en bas à droite de la <UIForeground>F201F6</UIForeground><UIGlow>F201F7</UIGlow>Jauge des éléments<UIGlow>01</UIGlow><UIForeground>01</UIForeground> permettent de vérifier ces intervalles de temps, et un cristal situé en bas s'allume pour indiquer que <UIForeground>F201F4</UIForeground><UIGlow>F201F5</UIGlow>Polyglotte<UIGlow>01</UIGlow><UIForeground>01</UIForeground> est disponible. <UIForeground>F201F4</UIForeground><UIGlow>F201F5</UIGlow>Polyglotte<UIGlow>01</UIGlow><UIForeground>01</UIForeground> permet de lancer de puissants sorts comme <UIForeground>F201F4</UIForeground><UIGlow>F201F5</UIGlow>Infect<UIGlow>01</UIGlow><UIForeground>01</UIForeground>."
69,"Tant qu'<UIForeground>F201F4</UIForeground><UIGlow>F201F5</UIGlow>Énochien<UIGlow>01</UIGlow><UIForeground>01</UIForeground> est actif, <UIForeground>F201F4</UIForeground><UIGlow>F201F5</UIGlow>Polyglotte<UIGlow>01</UIGlow><UIForeground>01</UIForeground> est octroyé toutes les 30 secondes. Des crans placés sur le chronomètre en bas à droite de la <UIForeground>F201F6</UIForeground><UIGlow>F201F7</UIGlow>Jauge des éléments<UIGlow>01</UIGlow><UIForeground>01</UIForeground> permettent de vérifier ces intervalles de temps, et deux cristaux situés en bas s'allument pour indiquer le nombre d'effets <UIForeground>F201F4</UIForeground><UIGlow>F201F5</UIGlow>Polyglotte<UIGlow>01</UIGlow><UIForeground>01</UIForeground> accumulés. <UIForeground>F201F4</UIForeground><UIGlow>F201F5</UIGlow>Polyglotte<UIGlow>01</UIGlow><UIForeground>01</UIForeground> permet de lancer de puissants sorts comme <UIForeground>F201F4</UIForeground><UIGlow>F201F5</UIGlow>Infect<UIGlow>01</UIGlow><UIForeground>01</UIForeground>."
70,"Jauge de flux d'éther"
71,"La <UIForeground>F201F6</UIForeground><UIGlow>F201F7</UIGlow>Jauge de flux d'éther<UIGlow>01</UIGlow><UIForeground>01</UIForeground> indique le nombre de degrés restants de l'effet procuré par des actions comme <UIForeground>F201F4</UIForeground><UIGlow>F201F5</UIGlow>Aspiration d'énergie<UIGlow>01</UIGlow><UIForeground>01</UIForeground>."
72,"Jauge de transe"
73,"La <UIForeground>F201F6</UIForeground><UIGlow>F201F7</UIGlow>Jauge de transe<UIGlow>01</UIGlow><UIForeground>01</UIForeground> indique le temps restant de votre <UIForeground>F201F4</UIForeground><UIGlow>F201F5</UIGlow>Infusion d'éther<UIGlow>01</UIGlow><UIForeground>01</UIForeground>.
Lorsque vous utilisez <UIForeground>F201F4</UIForeground><UIGlow>F201F5</UIGlow>Infusion d'éther<UIGlow>01</UIGlow><UIForeground>01</UIForeground>, vous obtenez <UIForeground>F201F4</UIForeground><UIGlow>F201F5</UIGlow>Arcane rubis<UIGlow>01</UIGlow><UIForeground>01</UIForeground>, <UIForeground>F201F4</UIForeground><UIGlow>F201F5</UIGlow>Arcane topaze<UIGlow>01</UIGlow><UIForeground>01</UIForeground> et <UIForeground>F201F4</UIForeground><UIGlow>F201F5</UIGlow>Arcane émeraude<UIGlow>01</UIGlow><UIForeground>01</UIForeground> qui peuvent être utilisés pour lancer respectivement <UIForeground>F201F4</UIForeground><UIGlow>F201F5</UIGlow>Invocation Ifrit<UIGlow>01</UIGlow><UIForeground>01</UIForeground>, <UIForeground>F201F4</UIForeground><UIGlow>F201F5</UIGlow>Invocation Topaze<UIGlow>01</UIGlow><UIForeground>01</UIForeground> et <UIForeground>F201F4</UIForeground><UIGlow>F201F5</UIGlow>Invocation Émeraude<UIGlow>01</UIGlow><UIForeground>01</UIForeground>."
74,"L'invocation d'un familier vous octroie des degrés de <UIForeground>F201F4</UIForeground><UIGlow>F201F5</UIGlow>Syntonie<UIGlow>01</UIGlow><UIForeground>01</UIForeground> qui re<SoftHyphen/>pré<SoftHyphen/>sen<SoftHyphen/>tent votre affinité avec un élément. Ils modifient l'effet de votre <UIForeground>F201F4</UIForeground><UIGlow>F201F5</UIGlow>Éclat des gemmes<UIGlow>01</UIGlow><UIForeground>01</UIForeground> et de votre <UIForeground>F201F4</UIForeground><UIGlow>F201F5</UIGlow>Resplendissement des gemmes<UIGlow>01</UIGlow><UIForeground>01</UIForeground> (nv 26).
Leur durée et leur degré sont indiqués sur la <UIForeground>F201F6</UIForeground><UIGlow>F201F7</UIGlow>Jauge de transe<UIGlow>01</UIGlow><UIForeground>01</UIForeground>."
75,"Avec l'obtention du trait <UIForeground>F201F4</UIForeground><UIGlow>F201F5</UIGlow>Maîtrise d'Infusion d'éther<UIGlow>01</UIGlow><UIForeground>01</UIForeground>, la <UIForeground>F201F6</UIForeground><UIGlow>F201F7</UIGlow>Jauge de transe<UIGlow>01</UIGlow><UIForeground>01</UIForeground> indique le temps restant à votre <UIForeground>F201F4</UIForeground><UIGlow>F201F5</UIGlow>Transe-Bahamut<UIGlow>01</UIGlow><UIForeground>01</UIForeground>.
D'autre part, lorsque vous utilisez <UIForeground>F201F4</UIForeground><UIGlow>F201F5</UIGlow>Transe-Bahamut<UIGlow>01</UIGlow><UIForeground>01</UIForeground>, vous obtenez <UIForeground>F201F4</UIForeground><UIGlow>F201F5</UIGlow>Arcane rubis<UIGlow>01</UIGlow><UIForeground>01</UIForeground>, <UIForeground>F201F4</UIForeground><UIGlow>F201F5</UIGlow>Arcane topaze<UIGlow>01</UIGlow><UIForeground>01</UIForeground> et <UIForeground>F201F4</UIForeground><UIGlow>F201F5</UIGlow>Arcane émeraude<UIGlow>01</UIGlow><UIForeground>01</UIForeground>.
Enfin, tant que vous êtes dans cette transe, Méga Ruine devient <UIForeground>F201F4</UIForeground><UIGlow>F201F5</UIGlow>Pulsar astral<UIGlow>01</UIGlow><UIForeground>01</UIForeground> et Fracas élémentaire devient <UIForeground>F201F4</UIForeground><UIGlow>F201F5</UIGlow>Brasier astral<UIGlow>01</UIGlow><UIForeground>01</UIForeground>."
76,"L'invocation d'un familier vous octroie des degrés de <UIForeground>F201F4</UIForeground><UIGlow>F201F5</UIGlow>Syntonie<UIGlow>01</UIGlow><UIForeground>01</UIForeground> qui re<SoftHyphen/>pré<SoftHyphen/>sen<SoftHyphen/>tent votre affinité avec un élément. Ils améliorent votre <UIForeground>F201F4</UIForeground><UIGlow>F201F5</UIGlow>Éclat des gemmes<UIGlow>01</UIGlow><UIForeground>01</UIForeground> et votre <UIForeground>F201F4</UIForeground><UIGlow>F201F5</UIGlow>Resplendissement des gemmes<UIGlow>01</UIGlow><UIForeground>01</UIForeground> en modifiant leurs effets.
Leur durée et leur degré sont indiqués sur la <UIForeground>F201F6</UIForeground><UIGlow>F201F7</UIGlow>Jauge de transe<UIGlow>01</UIGlow><UIForeground>01</UIForeground>."
77,"Profondeur de transe"
78,"Indicateur de pas"
79,"Vous pouvez entamer une danse avec l'action <UIForeground>F201F4</UIForeground><UIGlow>F201F5</UIGlow>Pas classique<UIGlow>01</UIGlow><UIForeground>01</UIForeground>. Pendant la durée de l'effet, des symboles re<SoftHyphen/>pré<SoftHyphen/>sen<SoftHyphen/>tant une suite d'actions à effectuer ap<SoftHyphen/>pa<SoftHyphen/>rais<SoftHyphen/>sent sur l'<UIForeground>F201F6</UIForeground><UIGlow>F201F7</UIGlow>Indicateur de pas<UIGlow>01</UIGlow><UIForeground>01</UIForeground>. La puissance de l'action concluant la danse, <UIForeground>F201F4</UIForeground><UIGlow>F201F5</UIGlow>Final classique<UIGlow>01</UIGlow><UIForeground>01</UIForeground>, dépend du nombre de pas cor<SoftHyphen/>rec<SoftHyphen/>te<SoftHyphen/>ment enchaînés.
<UIForeground>F201F4</UIForeground><UIGlow>F201F5</UIGlow>Final classique<UIGlow>01</UIGlow><UIForeground>01</UIForeground> offre des bonus à vous ainsi qu'à votre <UIForeground>F201F4</UIForeground><UIGlow>F201F5</UIGlow>Partenaire de position rapprochée<UIGlow>01</UIGlow><UIForeground>01</UIForeground>, et la durée de ces effets s'affiche sous l'indicateur."
80,"Éventail onirique"
81,"L'obtention du trait <UIForeground>F201F4</UIForeground><UIGlow>F201F5</UIGlow>Éventail onirique<UIGlow>01</UIGlow><UIForeground>01</UIForeground> vous accorde une chance d'accumuler des <UIForeground>F201F4</UIForeground><UIGlow>F201F5</UIGlow>Plumes oniriques<UIGlow>01</UIGlow><UIForeground>01</UIForeground> en exécutant des actions comme <UIForeground>F201F4</UIForeground><UIGlow>F201F5</UIGlow>Cascade inversée<UIGlow>01</UIGlow><UIForeground>01</UIForeground> ou <UIForeground>F201F4</UIForeground><UIGlow>F201F5</UIGlow>Moulin à vent ascendant<UIGlow>01</UIGlow><UIForeground>01</UIForeground>. Vous pouvez ensuite vous en servir pour lancer les puissantes actions <UIForeground>F201F4</UIForeground><UIGlow>F201F5</UIGlow>Danse de l'éventail I<UIGlow>01</UIGlow><UIForeground>01</UIForeground> et <UIForeground>F201F4</UIForeground><UIGlow>F201F5</UIGlow>Danse de l'éventail II<UIGlow>01</UIGlow><UIForeground>01</UIForeground>."
82,"Indicateur de pas"
83,"De manière similaire à <UIForeground>F201F4</UIForeground><UIGlow>F201F5</UIGlow>Pas classique<UIGlow>01</UIGlow><UIForeground>01</UIForeground>, vous pouvez entamer une danse avec l'action <UIForeground>F201F4</UIForeground><UIGlow>F201F5</UIGlow>Pas technique<UIGlow>01</UIGlow><UIForeground>01</UIForeground>. Pendant la durée de l'effet, des symboles re<SoftHyphen/>pré<SoftHyphen/>sen<SoftHyphen/>tant une suite d'actions à effectuer ap<SoftHyphen/>pa<SoftHyphen/>rais<SoftHyphen/>sent sur l'<UIForeground>F201F6</UIForeground><UIGlow>F201F7</UIGlow>Indicateur de pas<UIGlow>01</UIGlow><UIForeground>01</UIForeground>. La puissance de l'action concluant la danse, <UIForeground>F201F4</UIForeground><UIGlow>F201F5</UIGlow>Final technique<UIGlow>01</UIGlow><UIForeground>01</UIForeground>, dépend du nombre de pas cor<SoftHyphen/>rec<SoftHyphen/>te<SoftHyphen/>ment enchaînés.
<UIForeground>F201F4</UIForeground><UIGlow>F201F5</UIGlow>Final technique<UIGlow>01</UIGlow><UIForeground>01</UIForeground> offre un bonus aux dégâts infligés par vous et vos équipiers alentour."
84,"Éventail onirique et Jauge de fascination"
85,"L'effet <UIForeground>F201F4</UIForeground><UIGlow>F201F5</UIGlow>Fascination<UIGlow>01</UIGlow><UIForeground>01</UIForeground> est octroyé après un <UIForeground>F201F4</UIForeground><UIGlow>F201F5</UIGlow>Final classique<UIGlow>01</UIGlow><UIForeground>01</UIForeground> ou un <UIForeground>F201F4</UIForeground><UIGlow>F201F5</UIGlow>Final technique<UIGlow>01</UIGlow><UIForeground>01</UIForeground>. Lorsqu'il est actif, la <UIForeground>F201F6</UIForeground><UIGlow>F201F7</UIGlow>Jauge de fascination<UIGlow>01</UIGlow><UIForeground>01</UIForeground> a une chance de se remplir à chaque fois que vous ou que votre <UIForeground>F201F4</UIForeground><UIGlow>F201F5</UIGlow>Partenaire de position rapprochée<UIGlow>01</UIGlow><UIForeground>01</UIForeground> utilise des techniques d'arme ou des sorts.
Remplir sa <UIForeground>F201F6</UIForeground><UIGlow>F201F7</UIGlow>Jauge de fascination<UIGlow>01</UIGlow><UIForeground>01</UIForeground> est nécessaire afin d'exécuter la redoutable <UIForeground>F201F4</UIForeground><UIGlow>F201F5</UIGlow>Danse du sabre<UIGlow>01</UIGlow><UIForeground>01</UIForeground>."
86,"Jauge d'équilibre"
87,"Les mages rouges bénéficient de la <UIForeground>F201F6</UIForeground><UIGlow>F201F7</UIGlow>Jauge d'équilibre<UIGlow>01</UIGlow><UIForeground>01</UIForeground>, qui indique l'accumulation de <UIForeground>F201F4</UIForeground><UIGlow>F201F5</UIGlow>Mana blanche<UIGlow>01</UIGlow><UIForeground>01</UIForeground> et de <UIForeground>F201F4</UIForeground><UIGlow>F201F5</UIGlow>Mana noire<UIGlow>01</UIGlow><UIForeground>01</UIForeground>, l'origine même de leurs pouvoirs magiques. Ces deux barres d'énergie se remplissent en utilisant des sorts spécifiques. Passé un certain niveau pour les deux types de mana, certaines techniques d'arme changent de nature, comme <UIForeground>F201F4</UIForeground><UIGlow>F201F5</UIGlow>Riposte<UIGlow>01</UIGlow><UIForeground>01</UIForeground> qui devient <UIForeground>F201F4</UIForeground><UIGlow>F201F5</UIGlow>Riposte enchantée<UIGlow>01</UIGlow><UIForeground>01</UIForeground>."
88,"Néanmoins, si l'écart entre la <UIForeground>F201F4</UIForeground><UIGlow>F201F5</UIGlow>Mana blanche<UIGlow>01</UIGlow><UIForeground>01</UIForeground> et la <UIForeground>F201F4</UIForeground><UIGlow>F201F5</UIGlow>Mana noire<UIGlow>01</UIGlow><UIForeground>01</UIForeground> dépasse un stade donné, le cristal prend la couleur dominante, et la vitesse de remplissage de l'autre barre est réduite. À vous donc de trouver le bon équilibre<Indent/>!"
89,"Barillet éthéréen"
90,"L'action <UIForeground>F201F4</UIForeground><UIGlow>F201F5</UIGlow>Garde royale<UIGlow>01</UIGlow><UIForeground>01</UIForeground> fait apparaître un symbole indiquant que votre génération d'inimitié est considérablement augmentée<Indent/>; les ennemis font plus facilement de vous leur cible, ce qui vous permet de mieux protéger vos alliés."
91,"Barillet éthéréen"
92,"Le <UIForeground>F201F6</UIForeground><UIGlow>F201F7</UIGlow>Barillet éthéréen<UIGlow>01</UIGlow><UIForeground>01</UIForeground> indique le nombre de <UIForeground>F201F4</UIForeground><UIGlow>F201F5</UIGlow>Cartouches d'éther<UIGlow>01</UIGlow><UIForeground>01</UIForeground> ac<SoftHyphen/>tu<SoftHyphen/>el<SoftHyphen/>le<SoftHyphen/>ment chargées dans votre arme. Elles peuvent être accumulées en enchaînant des combos comme<Indent/>:
<UIForeground>F201F4</UIForeground><UIGlow>F201F5</UIGlow>Tranchant acéré<UIGlow>01</UIGlow><UIForeground>01</UIForeground> → <UIForeground>F201F4</UIForeground><UIGlow>F201F5</UIGlow>Impact brutal<UIGlow>01</UIGlow><UIForeground>01</UIForeground> → <UIForeground>F201F4</UIForeground><UIGlow>F201F5</UIGlow>Salve tranchante<UIGlow>01</UIGlow><UIForeground>01</UIForeground>
<UIForeground>F201F4</UIForeground><UIGlow>F201F5</UIGlow>Tranchage démoniaque<UIGlow>01</UIGlow><UIForeground>01</UIForeground> → <UIForeground>F201F4</UIForeground><UIGlow>F201F5</UIGlow>Massacre démoniaque<UIGlow>01</UIGlow><UIForeground>01</UIForeground> (Nv 40)
Les <UIForeground>F201F4</UIForeground><UIGlow>F201F5</UIGlow>Cartouches d'éther<UIGlow>01</UIGlow><UIForeground>01</UIForeground> peuvent ensuite être utilisées pour exécuter des attaques dévastatrices comme <UIForeground>F201F4</UIForeground><UIGlow>F201F5</UIGlow>Frappe explosive<UIGlow>01</UIGlow><UIForeground>01</UIForeground> ou encore <UIForeground>F201F4</UIForeground><UIGlow>F201F5</UIGlow>Croc pugnace<UIGlow>01</UIGlow><UIForeground>01</UIForeground> (Nv 60)."
93,"L'obtention du trait <UIForeground>F201F4</UIForeground><UIGlow>F201F5</UIGlow>Transe-Bahamut améliorée<UIGlow>01</UIGlow><UIForeground>01</UIForeground> remplace <UIForeground>F201F4</UIForeground><UIGlow>F201F5</UIGlow>Transe-Bahamut<UIGlow>01</UIGlow><UIForeground>01</UIForeground> par <UIForeground>F201F4</UIForeground><UIGlow>F201F5</UIGlow>Invocation Bahamut<UIGlow>01</UIGlow><UIForeground>01</UIForeground> qui permet d'invoquer un <UIForeground>F201F4</UIForeground><UIGlow>F201F5</UIGlow>Demi-Bahamut<UIGlow>01</UIGlow><UIForeground>01</UIForeground> pour se battre à vos côtés.
La <UIForeground>F201F6</UIForeground><UIGlow>F201F7</UIGlow>Jauge de transe<UIGlow>01</UIGlow><UIForeground>01</UIForeground> indique alors le temps restant à votre <UIForeground>F201F4</UIForeground><UIGlow>F201F5</UIGlow>Demi-Bahamut<UIGlow>01</UIGlow><UIForeground>01</UIForeground>.
D'autre part, lorsque vous utilisez <UIForeground>F201F4</UIForeground><UIGlow>F201F5</UIGlow>Invocation Bahamut<UIGlow>01</UIGlow><UIForeground>01</UIForeground>, vous obtenez <UIForeground>F201F4</UIForeground><UIGlow>F201F5</UIGlow>Arcane rubis<UIGlow>01</UIGlow><UIForeground>01</UIForeground>, <UIForeground>F201F4</UIForeground><UIGlow>F201F5</UIGlow>Arcane topaze<UIGlow>01</UIGlow><UIForeground>01</UIForeground> et <UIForeground>F201F4</UIForeground><UIGlow>F201F5</UIGlow>Arcane émeraude<UIGlow>01</UIGlow><UIForeground>01</UIForeground>.
Enfin, tant que votre Demi-Bahamut est présent sur le champ de bataille, Méga Ruine devient <UIForeground>F201F4</UIForeground><UIGlow>F201F5</UIGlow>Pulsar astral<UIGlow>01</UIGlow><UIForeground>01</UIForeground>, Fracas élémentaire devient <UIForeground>F201F4</UIForeground><UIGlow>F201F5</UIGlow>Brasier astral<UIGlow>01</UIGlow><UIForeground>01</UIForeground> et Flux astral devient <UIForeground>F201F4</UIForeground><UIGlow>F201F5</UIGlow>Brasier de mort<UIGlow>01</UIGlow><UIForeground>01</UIForeground>."
94,"L'obtention de <UIForeground>F201F4</UIForeground><UIGlow>F201F5</UIGlow>Shôha<UIGlow>01</UIGlow><UIForeground>01</UIForeground> fait apparaître à l'écran la <UIForeground>F201F6</UIForeground><UIGlow>F201F7</UIGlow>Jauge de Tension de la lame<UIGlow>01</UIGlow><UIForeground>01</UIForeground>. Elle se remplit lorsque vous utilisez <UIForeground>F201F4</UIForeground><UIGlow>F201F5</UIGlow>Iaijutsu<UIGlow>01</UIGlow><UIForeground>01</UIForeground>, <UIForeground>F201F4</UIForeground><UIGlow>F201F5</UIGlow>Mokusô<UIGlow>01</UIGlow><UIForeground>01</UIForeground> ou <UIForeground>F201F4</UIForeground><UIGlow>F201F5</UIGlow>Ôgi<Indent/>: Namikiri<UIGlow>01</UIGlow><UIForeground>01</UIForeground> (lv 90), et permet de lancer <UIForeground>F201F4</UIForeground><UIGlow>F201F5</UIGlow>Shôha<UIGlow>01</UIGlow><UIForeground>01</UIForeground>."
95,"L'action <UIForeground>F201F4</UIForeground><UIGlow>F201F5</UIGlow>Méditation<UIGlow>01</UIGlow><UIForeground>01</UIForeground> vous permet d'ouvrir un chakra à chaque utilisation. Leur nombre est indiqué dans la <UIForeground>F201F6</UIForeground><UIGlow>F201F7</UIGlow>Jauge des chakras<UIGlow>01</UIGlow><UIForeground>01</UIForeground>. S'ils sont tous ouverts, il vous sera possible d'utiliser <UIForeground>F201F4</UIForeground><UIGlow>F201F5</UIGlow>Charge d'acier<UIGlow>01</UIGlow><UIForeground>01</UIForeground>."
96,"Chakras bestiaux"
97,"L'obtention du trait <UIForeground>F201F4</UIForeground><UIGlow>F201F5</UIGlow>Équilibre parfait amélioré<UIGlow>01</UIGlow><UIForeground>01</UIForeground> ajoute un effet additionnel. Exécuter une action octroyant une posture sous <UIForeground>F201F4</UIForeground><UIGlow>F201F5</UIGlow>Équilibre parfait<UIGlow>01</UIGlow><UIForeground>01</UIForeground> permet d'obtenir le <UIForeground>F201F4</UIForeground><UIGlow>F201F5</UIGlow>Chakra bestial<UIGlow>01</UIGlow><UIForeground>01</UIForeground> associé (<UIForeground>F201F4</UIForeground><UIGlow>F201F5</UIGlow>Chakra de l'opo-opo<UIGlow>01</UIGlow><UIForeground>01</UIForeground>, <UIForeground>F201F4</UIForeground><UIGlow>F201F5</UIGlow>Chakra du coeurl<UIGlow>01</UIGlow><UIForeground>01</UIForeground> ou <UIForeground>F201F4</UIForeground><UIGlow>F201F5</UIGlow>Chakra du raptor<UIGlow>01</UIGlow><UIForeground>01</UIForeground>).
Ouvrir trois <UIForeground>F201F4</UIForeground><UIGlow>F201F5</UIGlow>Chakra bestiaux<UIGlow>01</UIGlow><UIForeground>01</UIForeground> identiques permet d'exécuter <UIForeground>F201F4</UIForeground><UIGlow>F201F5</UIGlow>Champ-élixir<UIGlow>01</UIGlow><UIForeground>01</UIForeground>.
Ouvrir un <UIForeground>F201F4</UIForeground><UIGlow>F201F5</UIGlow>Chakra bestial<UIGlow>01</UIGlow><UIForeground>01</UIForeground> de chaque permet d'exécuter <UIForeground>F201F4</UIForeground><UIGlow>F201F5</UIGlow>Départ de flammes<UIGlow>01</UIGlow><UIForeground>01</UIForeground>.

<UIForeground>F201F4</UIForeground><UIGlow>F201F5</UIGlow>Champ-élixir<UIGlow>01</UIGlow><UIForeground>01</UIForeground> et <UIForeground>F201F4</UIForeground><UIGlow>F201F5</UIGlow>Départ de flammes<UIGlow>01</UIGlow><UIForeground>01</UIForeground> permettent respectivement d'ouvrir le <UIForeground>F201F4</UIForeground><UIGlow>F201F5</UIGlow>Nadi lunaire<UIGlow>01</UIGlow><UIForeground>01</UIForeground> et le <UIForeground>F201F4</UIForeground><UIGlow>F201F5</UIGlow>Nadi solaire<UIGlow>01</UIGlow><UIForeground>01</UIForeground>.
Le puissant <UIForeground>F201F4</UIForeground><UIGlow>F201F5</UIGlow>Coup de pied tornade<UIGlow>01</UIGlow><UIForeground>01</UIForeground> peut être exécuté lorsque vous avez ouvert trois <UIForeground>F201F4</UIForeground><UIGlow>F201F5</UIGlow>Chakras bestiaux<UIGlow>01</UIGlow><UIForeground>01</UIForeground> (peu importe lesquels) et les deux <UIForeground>F201F4</UIForeground><UIGlow>F201F5</UIGlow>Nadis<UIGlow>01</UIGlow><UIForeground>01</UIForeground>."
98,"Chakras bestiaux et Nadis"
99,"特性<UIForeground>F201F4</UIForeground><UIGlow>F201F5</UIGlow>「必殺技効果アップ」<UIGlow>01</UIGlow><UIForeground>01</UIForeground>を修得し、<UIForeground>F201F4</UIForeground><UIGlow>F201F5</UIGlow>「陰陽の闘気」<UIGlow>01</UIGlow><UIForeground>01</UIForeground>が表示されるように
なりました！
必殺技「天宙脚」を実行すると<UIForeground>F201F4</UIForeground><UIGlow>F201F5</UIGlow>「陰の闘気」<UIGlow>01</UIGlow><UIForeground>01</UIForeground>が付与され、「鳳凰の舞」を実行すると<UIForeground>F201F4</UIForeground><UIGlow>F201F5</UIGlow>「陽の闘気」<UIGlow>01</UIGlow><UIForeground>01</UIForeground>が付与され、さらに「闘魂」3種が種類を問わず付与された状態になると、最強の必殺技<UIForeground>F201F4</UIForeground><UIGlow>F201F5</UIGlow>「夢幻闘舞」<UIGlow>01</UIGlow><UIForeground>01</UIForeground>が実行できます。"
100,"Table des arcanes et signes astraux"
101,"L'effet des cartes tirées avec <UIForeground>F201F4</UIForeground><UIGlow>F201F5</UIGlow>Arcane mineur<UIGlow>01</UIGlow><UIForeground>01</UIForeground> s'affiche sur la <UIForeground>F201F6</UIForeground><UIGlow>F201F7</UIGlow>Table des arcanes<UIGlow>01</UIGlow><UIForeground>01</UIForeground>."
102,"La <UIForeground>F201F6</UIForeground><UIGlow>F201F7</UIGlow>Jauge de transe<UIGlow>01</UIGlow><UIForeground>01</UIForeground> indique le temps restant de votre <UIForeground>F201F4</UIForeground><UIGlow>F201F5</UIGlow>Infusion d'éther<UIGlow>01</UIGlow><UIForeground>01</UIForeground>.
Lorsque vous utilisez <UIForeground>F201F4</UIForeground><UIGlow>F201F5</UIGlow>Infusion d'éther<UIGlow>01</UIGlow><UIForeground>01</UIForeground>, vous obtenez <UIForeground>F201F4</UIForeground><UIGlow>F201F5</UIGlow>Arcane rubis<UIGlow>01</UIGlow><UIForeground>01</UIForeground> qui peut être utilisé pour invoquer un <UIForeground>F201F4</UIForeground><UIGlow>F201F5</UIGlow>Carbuncle rubis<UIGlow>01</UIGlow><UIForeground>01</UIForeground> grâce à <UIForeground>F201F4</UIForeground><UIGlow>F201F5</UIGlow>Invocation Rubis<UIGlow>01</UIGlow><UIForeground>01</UIForeground>.
Aux niveaux 15 et 22, <UIForeground>F201F4</UIForeground><UIGlow>F201F5</UIGlow>Infusion d'éther<UIGlow>01</UIGlow><UIForeground>01</UIForeground> vous octroie aussi respectivement <UIForeground>F201F4</UIForeground><UIGlow>F201F5</UIGlow>Arcane topaze<UIGlow>01</UIGlow><UIForeground>01</UIForeground> et <UIForeground>F201F4</UIForeground><UIGlow>F201F5</UIGlow>Arcane émeraude<UIGlow>01</UIGlow><UIForeground>01</UIForeground> qui permettent d'invoquer <UIForeground>F201F4</UIForeground><UIGlow>F201F5</UIGlow>Carbuncle topaze<UIGlow>01</UIGlow><UIForeground>01</UIForeground> et <UIForeground>F201F4</UIForeground><UIGlow>F201F5</UIGlow>Carbuncle émeraude<UIGlow>01</UIGlow><UIForeground>01</UIForeground>."
103,"L'invocation d'un familier vous octroie des degrés de <UIForeground>F201F4</UIForeground><UIGlow>F201F5</UIGlow>Syntonie<UIGlow>01</UIGlow><UIForeground>01</UIForeground> qui re<SoftHyphen/>pré<SoftHyphen/>sen<SoftHyphen/>tent votre affinité avec un élément. Ils modifient l'effet de votre <UIForeground>F201F4</UIForeground><UIGlow>F201F5</UIGlow>Éclat des gemmes<UIGlow>01</UIGlow><UIForeground>01</UIForeground> et de votre <UIForeground>F201F4</UIForeground><UIGlow>F201F5</UIGlow>Resplendissement des gemmes<UIGlow>01</UIGlow><UIForeground>01</UIForeground> (nv 26).
Leur durée et leur degré sont indiqués sur la <UIForeground>F201F6</UIForeground><UIGlow>F201F7</UIGlow>Jauge de transe<UIGlow>01</UIGlow><UIForeground>01</UIForeground>."
104,"L'invocation d'un familier vous octroie des degrés de <UIForeground>F201F4</UIForeground><UIGlow>F201F5</UIGlow>Syntonie<UIGlow>01</UIGlow><UIForeground>01</UIForeground> qui re<SoftHyphen/>pré<SoftHyphen/>sen<SoftHyphen/>tent votre affinité avec un élément. Ils améliorent votre <UIForeground>F201F4</UIForeground><UIGlow>F201F5</UIGlow>Éclat des gemmes<UIGlow>01</UIGlow><UIForeground>01</UIForeground> et votre <UIForeground>F201F4</UIForeground><UIGlow>F201F5</UIGlow>Resplendissement des gemmes<UIGlow>01</UIGlow><UIForeground>01</UIForeground> en modifiant leurs effets.
Leur durée et leur degré sont indiqués sur la <UIForeground>F201F6</UIForeground><UIGlow>F201F7</UIGlow>Jauge de transe<UIGlow>01</UIGlow><UIForeground>01</UIForeground>."
105,"L'obtention du trait <UIForeground>F201F4</UIForeground><UIGlow>F201F5</UIGlow>Invocation Bahamut améliorée<UIGlow>01</UIGlow><UIForeground>01</UIForeground> remplace <UIForeground>F201F4</UIForeground><UIGlow>F201F5</UIGlow>Invocation Bahamut<UIGlow>01</UIGlow><UIForeground>01</UIForeground> par <UIForeground>F201F4</UIForeground><UIGlow>F201F5</UIGlow>Invocation Phénix<UIGlow>01</UIGlow><UIForeground>01</UIForeground> qui permet d'invoquer un <UIForeground>F201F4</UIForeground><UIGlow>F201F5</UIGlow>Demi-Phénix<UIGlow>01</UIGlow><UIForeground>01</UIForeground> pour se battre à vos côtés.
La <UIForeground>F201F6</UIForeground><UIGlow>F201F7</UIGlow>Jauge de transe<UIGlow>01</UIGlow><UIForeground>01</UIForeground> indique alors le temps restant à votre <UIForeground>F201F4</UIForeground><UIGlow>F201F5</UIGlow>Demi-Phénix<UIGlow>01</UIGlow><UIForeground>01</UIForeground>.
D'autre part, lorsque vous utilisez <UIForeground>F201F4</UIForeground><UIGlow>F201F5</UIGlow>Invocation Phénix<UIGlow>01</UIGlow><UIForeground>01</UIForeground>, vous obtenez <UIForeground>F201F4</UIForeground><UIGlow>F201F5</UIGlow>Arcane rubis<UIGlow>01</UIGlow><UIForeground>01</UIForeground>, <UIForeground>F201F4</UIForeground><UIGlow>F201F5</UIGlow>Arcane topaze<UIGlow>01</UIGlow><UIForeground>01</UIForeground> et <UIForeground>F201F4</UIForeground><UIGlow>F201F5</UIGlow>Arcane émeraude<UIGlow>01</UIGlow><UIForeground>01</UIForeground>.
Enfin, tant que votre Demi-Phénix est présent sur le champ de bataille, Méga Ruine devient <UIForeground>F201F4</UIForeground><UIGlow>F201F5</UIGlow>Flamme de la vie<UIGlow>01</UIGlow><UIForeground>01</UIForeground>, Tri-désastre devient <UIForeground>F201F4</UIForeground><UIGlow>F201F5</UIGlow>Tison du purgatoire<UIGlow>01</UIGlow><UIForeground>01</UIForeground> et Flux astral devient <UIForeground>F201F4</UIForeground><UIGlow>F201F5</UIGlow>Ravivement<UIGlow>01</UIGlow><UIForeground>01</UIForeground>."
106,"L'invocation d'un familier vous octroie des degrés de <UIForeground>F201F4</UIForeground><UIGlow>F201F5</UIGlow>Syntonie<UIGlow>01</UIGlow><UIForeground>01</UIForeground> qui re<SoftHyphen/>pré<SoftHyphen/>sen<SoftHyphen/>tent votre affinité avec un élément. Ils améliorent votre <UIForeground>F201F4</UIForeground><UIGlow>F201F5</UIGlow>Éclat des gemmes<UIGlow>01</UIGlow><UIForeground>01</UIForeground> et votre <UIForeground>F201F4</UIForeground><UIGlow>F201F5</UIGlow>Resplendissement des gemmes<UIGlow>01</UIGlow><UIForeground>01</UIForeground> en modifiant leurs effets.
Leur durée et leur degré sont indiqués sur la <UIForeground>F201F6</UIForeground><UIGlow>F201F7</UIGlow>Jauge de transe<UIGlow>01</UIGlow><UIForeground>01</UIForeground>.
En outre, l'obtention du trait <UIForeground>F201F4</UIForeground><UIGlow>F201F5</UIGlow>Maîtrise des éléments<UIGlow>01</UIGlow><UIForeground>01</UIForeground> (nv 86) permet à vos degrés de <UIForeground>F201F4</UIForeground><UIGlow>F201F5</UIGlow>Syntonie<UIGlow>01</UIGlow><UIForeground>01</UIForeground> de modifier l'effet de votre <UIForeground>F201F4</UIForeground><UIGlow>F201F5</UIGlow>Flux astral<UIGlow>01</UIGlow><UIForeground>01</UIForeground>."
107,"Codas"
108,"L'obtention du trait <UIForeground>F201F4</UIForeground><UIGlow>F201F5</UIGlow>Chants guerriers améliorés<UIGlow>01</UIGlow><UIForeground>01</UIForeground> permet d'obtenir la <UIForeground>F201F4</UIForeground><UIGlow>F201F5</UIGlow>Coda<UIGlow>01</UIGlow><UIForeground>01</UIForeground> associée à chacun de vos chants lors de leur exécution (<UIForeground>F201F4</UIForeground><UIGlow>F201F5</UIGlow>Coda du mage<UIGlow>01</UIGlow><UIForeground>01</UIForeground>, <UIForeground>F201F4</UIForeground><UIGlow>F201F5</UIGlow>Coda martiale<UIGlow>01</UIGlow><UIForeground>01</UIForeground>, <UIForeground>F201F4</UIForeground><UIGlow>F201F5</UIGlow>Coda du vagabond<UIGlow>01</UIGlow><UIForeground>01</UIForeground>). Il vous en faut au moins une pour exécuter votre puissant <UIForeground>F201F4</UIForeground><UIGlow>F201F5</UIGlow>Final radieux<UIGlow>01</UIGlow><UIForeground>01</UIForeground>."
109,"L'obtention du trait <UIForeground>F201F4</UIForeground><UIGlow>F201F5</UIGlow>Maîtrise des polarités V<UIGlow>01</UIGlow><UIForeground>01</UIForeground> ajoute le <UIForeground>F201F4</UIForeground><UIGlow>F201F5</UIGlow>Symbole paradoxal<UIGlow>01</UIGlow><UIForeground>01</UIForeground> à la <UIForeground>F201F6</UIForeground><UIGlow>F201F7</UIGlow>Jauge des éléments<UIGlow>01</UIGlow><UIForeground>01</UIForeground>. Basculer sur <UIForeground>F201F4</UIForeground><UIGlow>F201F5</UIGlow>Feu astral<UIGlow>01</UIGlow><UIForeground>01</UIForeground> en bénéficiant de <UIForeground>F201F4</UIForeground><UIGlow>F201F5</UIGlow>Glace ombrale<UIGlow>01</UIGlow><UIForeground>01</UIForeground> et <UIForeground>F201F4</UIForeground><UIGlow>F201F5</UIGlow>Cœur ombral<UIGlow>01</UIGlow><UIForeground>01</UIForeground> tous deux au degré le plus élevé, ou basculer sur <UIForeground>F201F4</UIForeground><UIGlow>F201F5</UIGlow>Glace ombrale<UIGlow>01</UIGlow><UIForeground>01</UIForeground> en bénéficiant de <UIForeground>F201F4</UIForeground><UIGlow>F201F5</UIGlow>Feu astral<UIGlow>01</UIGlow><UIForeground>01</UIForeground> au degré le plus élevé, permet d'obtenir ce symbole, et d'exécuter ensuite la puissante action <UIForeground>F201F4</UIForeground><UIGlow>F201F5</UIGlow>Paradoxe<UIGlow>01</UIGlow><UIForeground>01</UIForeground>."
110,"L'obtention du trait <UIForeground>F201F4</UIForeground><UIGlow>F201F5</UIGlow>Chargement de cartouches amélioré<UIGlow>01</UIGlow><UIForeground>01</UIForeground> permet de cumuler jusqu'à trois <UIForeground>F201F4</UIForeground><UIGlow>F201F5</UIGlow>Cartouches d'éther<UIGlow>01</UIGlow><UIForeground>01</UIForeground>. Elles peuvent s'obtenir en exécutant avec succès des action comme <UIForeground>F201F4</UIForeground><UIGlow>F201F5</UIGlow>Salve tranchante<UIGlow>01</UIGlow><UIForeground>01</UIForeground>, <UIForeground>F201F4</UIForeground><UIGlow>F201F5</UIGlow>Massacre démoniaque<UIGlow>01</UIGlow><UIForeground>01</UIForeground>, et sont utilisées pour lancer les puissantes actions comme <UIForeground>F201F4</UIForeground><UIGlow>F201F5</UIGlow>Frappe explosive<UIGlow>01</UIGlow><UIForeground>01</UIForeground> ou <UIForeground>F201F4</UIForeground><UIGlow>F201F5</UIGlow>Croc pugnace<UIGlow>01</UIGlow><UIForeground>01</UIForeground>."
111,"La <UIForeground>F201F6</UIForeground><UIGlow>F201F7</UIGlow>Jauge des âmes<UIGlow>01</UIGlow><UIForeground>01</UIForeground> se remplit en exécutant certaines techniques d'arme et en abattant des ennemis subissant l'effet <UIForeground>F201F4</UIForeground><UIGlow>F201F5</UIGlow>Dessein de la Camarde<UIGlow>01</UIGlow><UIForeground>01</UIForeground> que vous appliquez grâce à <UIForeground>F201F4</UIForeground><UIGlow>F201F5</UIGlow>Ombre de la mort<UIGlow>01</UIGlow><UIForeground>01</UIForeground> ou <UIForeground>F201F4</UIForeground><UIGlow>F201F5</UIGlow>Tourbillon de la mort<UIGlow>01</UIGlow><UIForeground>01</UIForeground>.
Elle permet de lancer des actions comme <UIForeground>F201F4</UIForeground><UIGlow>F201F5</UIGlow>Fétu ensanglanté<UIGlow>01</UIGlow><UIForeground>01</UIForeground>, <UIForeground>F201F4</UIForeground><UIGlow>F201F5</UIGlow>Andain sinistre<UIGlow>01</UIGlow><UIForeground>01</UIForeground> ou <UIForeground>F201F4</UIForeground><UIGlow>F201F5</UIGlow>Gloutonnerie<UIGlow>01</UIGlow><UIForeground>01</UIForeground> (nv 76)."
112,"La <UIForeground>F201F6</UIForeground><UIGlow>F201F7</UIGlow>Jauge du linceul<UIGlow>01</UIGlow><UIForeground>01</UIForeground> se remplit lorsque vous utilisez certaines techniques d'arme comme <UIForeground>F201F4</UIForeground><UIGlow>F201F5</UIGlow>Gibet<UIGlow>01</UIGlow><UIForeground>01</UIForeground>, <UIForeground>F201F4</UIForeground><UIGlow>F201F5</UIGlow>Potence<UIGlow>01</UIGlow><UIForeground>01</UIForeground> ou <UIForeground>F201F4</UIForeground><UIGlow>F201F5</UIGlow>Guillotine<UIGlow>01</UIGlow><UIForeground>01</UIForeground>. Quant au <UIForeground>F201F6</UIForeground><UIGlow>F201F7</UIGlow>Phylactère du lémure<UIGlow>01</UIGlow><UIForeground>01</UIForeground>, il se met à luire lorsque vous utilisez la <UIForeground>F201F6</UIForeground><UIGlow>F201F7</UIGlow>Jauge du linceul<UIGlow>01</UIGlow><UIForeground>01</UIForeground> pour appeler votre avatar grâce au <UIForeground>F201F4</UIForeground><UIGlow>F201F5</UIGlow>Linceul du lémure<UIGlow>01</UIGlow><UIForeground>01</UIForeground>."
113,"Le <UIForeground>F201F6</UIForeground><UIGlow>F201F7</UIGlow>Phylactère du lémure<UIGlow>01</UIGlow><UIForeground>01</UIForeground> indique la durée restante de <UIForeground>F201F4</UIForeground><UIGlow>F201F5</UIGlow>Lémure<UIGlow>01</UIGlow><UIForeground>01</UIForeground> et le nombre d'<UIForeground>F201F4</UIForeground><UIGlow>F201F5</UIGlow>Âmes de lémure<UIGlow>01</UIGlow><UIForeground>01</UIForeground> consommables. Ces dernières peuvent être utilisées pour exécuter <UIForeground>F201F4</UIForeground><UIGlow>F201F5</UIGlow>Fauchage du néant<UIGlow>01</UIGlow><UIForeground>01</UIForeground> ou <UIForeground>F201F4</UIForeground><UIGlow>F201F5</UIGlow>Communio<UIGlow>01</UIGlow><UIForeground>01</UIForeground> (nv 90)."
114,"L'obtention du trait <UIForeground>F201F4</UIForeground><UIGlow>F201F5</UIGlow>Linceul du lémure amélioré<UIGlow>01</UIGlow><UIForeground>01</UIForeground> permet d'obtenir des <UIForeground>F201F4</UIForeground><UIGlow>F201F5</UIGlow>Âmes du néant<UIGlow>01</UIGlow><UIForeground>01</UIForeground> lorsque vous utilisez des <UIForeground>F201F4</UIForeground><UIGlow>F201F5</UIGlow>Âmes de lémure<UIGlow>01</UIGlow><UIForeground>01</UIForeground>. Elles permettent d'exécuter <UIForeground>F201F4</UIForeground><UIGlow>F201F5</UIGlow>Tranchage du lémure<UIGlow>01</UIGlow><UIForeground>01</UIForeground> ou <UIForeground>F201F4</UIForeground><UIGlow>F201F5</UIGlow>Faux du lémure<UIGlow>01</UIGlow><UIForeground>01</UIForeground>."
115,"Jauge des âmes"
116,"Jauge des âmes et jauge du linceul"
117,"Diagramme eucrasique"
118,"Bile de vipère"
119,"Le <UIForeground>F201F6</UIForeground><UIGlow>F201F7</UIGlow>Diagramme eucrasique<UIGlow>01</UIGlow><UIForeground>01</UIForeground> indique si vous bénéficiez de l'effet <UIForeground>F201F4</UIForeground><UIGlow>F201F5</UIGlow>Eukrasia<UIGlow>01</UIGlow><UIForeground>01</UIForeground> obtenu grâce à l'action du même nom. Sous cet effet, les actions <UIForeground>F201F4</UIForeground><UIGlow>F201F5</UIGlow>Dosis<UIGlow>01</UIGlow><UIForeground>01</UIForeground>, <UIForeground>F201F4</UIForeground><UIGlow>F201F5</UIGlow>Diagnosis<UIGlow>01</UIGlow><UIForeground>01</UIForeground> et <UIForeground>F201F4</UIForeground><UIGlow>F201F5</UIGlow>Prognosis<UIGlow>01</UIGlow><UIForeground>01</UIForeground> sont remplacées."
120,"L'obtention du trait <UIForeground>F201F4</UIForeground><UIGlow>F201F5</UIGlow>Bile de vipère<UIGlow>01</UIGlow><UIForeground>01</UIForeground> permet de cumuler jusqu'à trois vésicules de <UIForeground>F201F4</UIForeground><UIGlow>F201F5</UIGlow>Bile de vipère<UIGlow>01</UIGlow><UIForeground>01</UIForeground>. Les vésicules se remplissent avec le temps et peuvent être dépensées pour exécuter de puissantes actions comme <UIForeground>F201F4</UIForeground><UIGlow>F201F5</UIGlow>Druochole<UIGlow>01</UIGlow><UIForeground>01</UIForeground> ou <UIForeground>F201F4</UIForeground><UIGlow>F201F5</UIGlow>Kerachole<UIGlow>01</UIGlow><UIForeground>01</UIForeground> (nv 50)."
121,"L'obtention du trait <UIForeground>F201F4</UIForeground><UIGlow>F201F5</UIGlow>Croc de vipère<UIGlow>01</UIGlow><UIForeground>01</UIForeground> permet de cumuler jusqu'à trois <UIForeground>F201F4</UIForeground><UIGlow>F201F5</UIGlow>Crocs de vipère<UIGlow>01</UIGlow><UIForeground>01</UIForeground>. Ils s'obtiennent lorsque la barrière de <UIForeground>F201F4</UIForeground><UIGlow>F201F5</UIGlow>Diagnosis eucrasique<UIGlow>01</UIGlow><UIForeground>01</UIForeground> a absorbé son montant de dégâts, et ils peuvent être utilisés pour exécuter les puissantes actions <UIForeground>F201F4</UIForeground><UIGlow>F201F5</UIGlow>Toxikon<UIGlow>01</UIGlow><UIForeground>01</UIForeground> et <UIForeground>F201F4</UIForeground><UIGlow>F201F5</UIGlow>Toxikon II<UIGlow>01</UIGlow><UIForeground>01</UIForeground> (nv 82)."
122,"バランスゲージ/マナスタックシンボル"
123,"L'obtention du trait <UIForeground>F201F4</UIForeground><UIGlow>F201F5</UIGlow>Magilame améliorée<UIGlow>01</UIGlow><UIForeground>01</UIForeground> permet d'accumuler un <UIForeground>F201F4</UIForeground><UIGlow>F201F5</UIGlow>Cristal de mana<UIGlow>01</UIGlow><UIForeground>01</UIForeground> quand <UIForeground>F201F4</UIForeground><UIGlow>F201F5</UIGlow>Riposte enchantée<UIGlow>01</UIGlow><UIForeground>01</UIForeground>, <UIForeground>F201F4</UIForeground><UIGlow>F201F5</UIGlow>Zwerchhau enchanté<UIGlow>01</UIGlow><UIForeground>01</UIForeground>, <UIForeground>F201F4</UIForeground><UIGlow>F201F5</UIGlow>Redoublement enchanté<UIGlow>01</UIGlow><UIForeground>01</UIForeground> ou <UIForeground>F201F4</UIForeground><UIGlow>F201F5</UIGlow>Moulinet enchanté<UIGlow>01</UIGlow><UIForeground>01</UIForeground> fait mouche.
À trois cristaux, les puissantes actions <UIForeground>F201F4</UIForeground><UIGlow>F201F5</UIGlow>VerBrasier<UIGlow>01</UIGlow><UIForeground>01</UIForeground> et <UIForeground>F201F4</UIForeground><UIGlow>F201F5</UIGlow>VerMiracle<UIGlow>01</UIGlow><UIForeground>01</UIForeground> (nv 70) peuvent être utilisées.
Ces cristaux dis<SoftHyphen/>pa<SoftHyphen/>rais<SoftHyphen/>sent lorsque vous utilisez des sorts de magie."
124,"Le <UIForeground>F201F6</UIForeground><UIGlow>F201F7</UIGlow>Phylactère du lémure<UIGlow>01</UIGlow><UIForeground>01</UIForeground> indique la durée restante de <UIForeground>F201F4</UIForeground><UIGlow>F201F5</UIGlow>Lémure<UIGlow>01</UIGlow><UIForeground>01</UIForeground> et le nombre d'<UIForeground>F201F4</UIForeground><UIGlow>F201F5</UIGlow>Âmes de lémure<UIGlow>01</UIGlow><UIForeground>01</UIForeground> consommables. Ces dernières peuvent être utilisées pour exécuter <UIForeground>F201F4</UIForeground><UIGlow>F201F5</UIGlow>Fauchage du néant<UIGlow>01</UIGlow><UIForeground>01</UIForeground> ou <UIForeground>F201F4</UIForeground><UIGlow>F201F5</UIGlow>Communio<UIGlow>01</UIGlow><UIForeground>01</UIForeground> (nv 90)."
125,""
126,""
127,""
128,""
129,""
130,""
131,""
132,""
133,""
134,""
135,""
136,""
137,""
138,""
139,""
140,""
141,""
142,""
143,""
144,""
145,""
146,""
147,""
148,""
149,""
150,""
